Product,Link,Image
NORTEC,https://www.lindner-group.com/en/products/floors/raised-floors/calcium-sulphate-panels/nortec,images/nortec.png
FLOOR and more®,https://www.lindner-group.com/en/products/floors/hollow-floors/calcium-sulphate-panels/floor-and-more-r,images/floor&more.png
LIGNA,https://www.lindner-group.com/en/products/floors/raised-floors/chipboard-panels/ligna,
NORIT,,
LIGNA ST,https://www.lindner-group.com/en/products/floors/raised-floors/chipboard-panels/ligna,
LIGNA ST ST,https://www.lindner-group.com/en/products/floors/raised-floors/chipboard-panels/ligna,
LOOP,https://www.lindner-group.com/en/products/floors/raised-floors/refurbished-calcium-sulphate-panels/loop#Sustainability,
RELIFE ST,https://www.lindner-group.com/en/products/floors/raised-floors/refurbished-chipboard-panels/relife,
RELIFE ST ST,https://www.lindner-group.com/en/products/floors/raised-floors/refurbished-chipboard-panels/relife,
ADDLIFE,,
RELIFE,https://www.lindner-group.com/en/products/floors/raised-floors/refurbished-chipboard-panels/relife,
